<beans xmlns="http://www.springframework.org/schema/beans"
	xmlns:context="http://www.springframework.org/schema/context"
	 xmlns:tx="http://www.springframework.org/schema/tx"
	xmlns:aop="http://www.springframework.org/schema/aop" 
	xmlns:xsi="http://www.w3.org/2001/XMLSchema-instance"
	xsi:schemaLocation="
   http://www.springframework.org/schema/beans     
   http://www.springframework.org/schema/beans/spring-beans-4.3.xsd
   http://www.springframework.org/schema/context 
   http://www.springframework.org/schema/context/spring-context-4.3.xsd
   http://www.springframework.org/schema/tx 
	http://www.springframework.org/schema/tx/spring-tx-2.0.xsd">

	<context:component-scan base-package="com.cg.banking"/>
	<tx:annotation-driven transaction-manager="transactionManager"/>
	
	<bean id="dataSource" 
				class="org.springframework.jdbc.datasource.DriverManagerDataSource" >
		<property name="driverClassName" value="com.mysql.jdbc.Driver"/>
		<property name="url" value="jdbc:mysql://localhost:3306/bankinghibernate"/>
		<property name="username" value="root"/>
		<!-- <property name="password" value=""/> -->
	</bean>
	
	
	<bean id="sessionFactory" 
	class="org.springframework.orm.hibernate4.LocalSessionFactoryBean" >
        <property name="dataSource" ref="dataSource"/>
        <property name="packagesToScan">
            <list>
                <value>com.cg.banking.beans</value>
            </list>
        </property>
        <property name="hibernateProperties">
            <props>
                <prop key="hibernate.dialect">org.hibernate.dialect.MySQLDialect</prop>
                <prop key="hibernate.show_sql">true</prop>
                <prop key="hibernate.hbm2ddl.auto">create</prop>
            </props>
        </property>       
    </bean>	
    
      <bean id="transactionManager"  class="org.springframework.orm.hibernate4.HibernateTransactionManager">
        <property name="sessionFactory" ref="sessionFactory" />
    </bean>
    
    
</beans>




